,Node,4,4.1,4.1.1,4.1.1.1,4.1.1.2,4.2,4.2.1,4.2.1.1,4.2.1.2,4.3,4.3.1,4.3.2,4.3.3
context,Node,Identity,    Self,        Related,          Close,          Distant ,    Species,        Related,          Close,          Distant ,    Gender,        Female,        Male,        Other
,,An  Identity,that is the self,that is related to the self,that is closely related to the self,that is distantly related to the self, that is a species,that is related to a species,that is related closely to a species,that is distantly related to a species,of a gender,of a gender that is female,of a gender that is male,of a gender that is other than male or female
1,Focus,A focus of an identity ,A focus of an identity that is the self,A focus of an identity that is related to the self,A focus of an identity that is the selfthat is closely related to the self,A focus of an identity that is related to the selfthat is distantly related to the self,A focus of an identity that is the selfthat is closely related to the self that is a species,A focus of an identity that is related to the selfthat is distantly related to the selfthat is related to a species,A focus of an identity that is the selfthat is closely related to the self that is a speciesthat is related closely to a species,A focus of an identity that is related to the selfthat is distantly related to the selfthat is related to a speciesthat is distantly related to a species,A focus of an identity that is the selfthat is closely related to the self that is a speciesthat is related closely to a speciesof a gender,A focus of an identity that is related to the selfthat is distantly related to the selfthat is related to a speciesthat is distantly related to a speciesof a gender that is female,A focus of an identity that is the selfthat is closely related to the self that is a speciesthat is related closely to a speciesof a genderof a gender that is male,A focus of an identity that is related to the selfthat is distantly related to the selfthat is related to a speciesthat is distantly related to a speciesof a gender that is femaleof a gender that is other than male or female
1.1,  Objective,An objective focus of an identity ,An objective focus of an identity that is the self,An objective focus of an identity that is related to the self,An objective focus of an identity that is the selfthat is closely related to the self,An objective focus of an identity that is related to the selfthat is distantly related to the self,An objective focus of an identity that is the selfthat is closely related to the self that is a species,An objective focus of an identity that is related to the selfthat is distantly related to the selfthat is related to a species,An objective focus of an identity that is the selfthat is closely related to the self that is a speciesthat is related closely to a species,An objective focus of an identity that is related to the selfthat is distantly related to the selfthat is related to a speciesthat is distantly related to a species,An objective focus of an identity that is the selfthat is closely related to the self that is a speciesthat is related closely to a speciesof a gender,An objective focus of an identity that is related to the selfthat is distantly related to the selfthat is related to a speciesthat is distantly related to a speciesof a gender that is female,An objective focus of an identity that is the selfthat is closely related to the self that is a speciesthat is related closely to a speciesof a genderof a gender that is male,An objective focus of an identity that is related to the selfthat is distantly related to the selfthat is related to a speciesthat is distantly related to a speciesof a gender that is femaleof a gender that is other than male or female
1.1.1,    Material Object,An objective focus that is a material object possessed by an identity ,An objective focus that is a material object possessed by an identity that is the self,An objective focus that is a material object possessed by an identity that is related to the self,An objective focus that is a material object possessed by an identity that is the selfthat is closely related to the self,An objective focus that is a material object possessed by an identity that is related to the selfthat is distantly related to the self,An objective focus that is a material object possessed by an identity that is the selfthat is closely related to the self that is a species,An objective focus that is a material object possessed by an identity that is related to the selfthat is distantly related to the selfthat is related to a species,An objective focus that is a material object possessed by an identity that is the selfthat is closely related to the self that is a speciesthat is related closely to a species,An objective focus that is a material object possessed by an identity that is related to the selfthat is distantly related to the selfthat is related to a speciesthat is distantly related to a species,An objective focus that is a material object possessed by an identity that is the selfthat is closely related to the self that is a speciesthat is related closely to a speciesof a gender,An objective focus that is a material object possessed by an identity that is related to the selfthat is distantly related to the selfthat is related to a speciesthat is distantly related to a speciesof a gender that is female,An objective focus that is a material object possessed by an identity that is the selfthat is closely related to the self that is a speciesthat is related closely to a speciesof a genderof a gender that is male,An objective focus that is a material object possessed by an identity that is related to the selfthat is distantly related to the selfthat is related to a speciesthat is distantly related to a speciesof a gender that is femaleof a gender that is other than male or female
1.1.2,    Immaterial,An objective focus that is immaterial experienced by an identity ,An objective focus that is immaterial experienced by an identity that is the self,An objective focus that is immaterial experienced by an identity that is related to the self,An objective focus that is immaterial experienced by an identity that is the selfthat is closely related to the self,An objective focus that is immaterial experienced by an identity that is related to the selfthat is distantly related to the self,An objective focus that is immaterial experienced by an identity that is the selfthat is closely related to the self that is a species,An objective focus that is immaterial experienced by an identity that is related to the selfthat is distantly related to the selfthat is related to a species,An objective focus that is immaterial experienced by an identity that is the selfthat is closely related to the self that is a speciesthat is related closely to a species,An objective focus that is immaterial experienced by an identity that is related to the selfthat is distantly related to the selfthat is related to a speciesthat is distantly related to a species,An objective focus that is immaterial experienced by an identity that is the selfthat is closely related to the self that is a speciesthat is related closely to a speciesof a gender,An objective focus that is immaterial experienced by an identity that is related to the selfthat is distantly related to the selfthat is related to a speciesthat is distantly related to a speciesof a gender that is female,An objective focus that is immaterial experienced by an identity that is the selfthat is closely related to the self that is a speciesthat is related closely to a speciesof a genderof a gender that is male,An objective focus that is immaterial experienced by an identity that is related to the selfthat is distantly related to the selfthat is related to a speciesthat is distantly related to a speciesof a gender that is femaleof a gender that is other than male or female
1.1.2.1,        Factual,An objective focus that is immaterial and factual experienced by an identity ,An objective focus that is immaterial and factual experienced by an identity that is the self,An objective focus that is immaterial and factual experienced by an identity that is related to the self,An objective focus that is immaterial and factual experienced by an identity that is the selfthat is closely related to the self,An objective focus that is immaterial and factual experienced by an identity that is related to the selfthat is distantly related to the self,An objective focus that is immaterial and factual experienced by an identity that is the selfthat is closely related to the self that is a species,An objective focus that is immaterial and factual experienced by an identity that is related to the selfthat is distantly related to the selfthat is related to a species,An objective focus that is immaterial and factual experienced by an identity that is the selfthat is closely related to the self that is a speciesthat is related closely to a species,An objective focus that is immaterial and factual experienced by an identity that is related to the selfthat is distantly related to the selfthat is related to a speciesthat is distantly related to a species,An objective focus that is immaterial and factual experienced by an identity that is the selfthat is closely related to the self that is a speciesthat is related closely to a speciesof a gender,An objective focus that is immaterial and factual experienced by an identity that is related to the selfthat is distantly related to the selfthat is related to a speciesthat is distantly related to a speciesof a gender that is female,An objective focus that is immaterial and factual experienced by an identity that is the selfthat is closely related to the self that is a speciesthat is related closely to a speciesof a genderof a gender that is male,An objective focus that is immaterial and factual experienced by an identity that is related to the selfthat is distantly related to the selfthat is related to a speciesthat is distantly related to a speciesof a gender that is femaleof a gender that is other than male or female
1.1.2.2,        Opinion/Perspective,An objective focus that is immaterial and an opinion or perspective experienced by an identity   ,An objective focus that is immaterial and an opinion or perspective experienced by an identity   that is the self,An objective focus that is immaterial and an opinion or perspective experienced by an identity   that is related to the self,An objective focus that is immaterial and an opinion or perspective experienced by an identity   that is the selfthat is closely related to the self,An objective focus that is immaterial and an opinion or perspective experienced by an identity   that is related to the selfthat is distantly related to the self,An objective focus that is immaterial and an opinion or perspective experienced by an identity   that is the selfthat is closely related to the self that is a species,An objective focus that is immaterial and an opinion or perspective experienced by an identity   that is related to the selfthat is distantly related to the selfthat is related to a species,An objective focus that is immaterial and an opinion or perspective experienced by an identity   that is the selfthat is closely related to the self that is a speciesthat is related closely to a species,An objective focus that is immaterial and an opinion or perspective experienced by an identity   that is related to the selfthat is distantly related to the selfthat is related to a speciesthat is distantly related to a species,An objective focus that is immaterial and an opinion or perspective experienced by an identity   that is the selfthat is closely related to the self that is a speciesthat is related closely to a speciesof a gender,An objective focus that is immaterial and an opinion or perspective experienced by an identity   that is related to the selfthat is distantly related to the selfthat is related to a speciesthat is distantly related to a speciesof a gender that is female,An objective focus that is immaterial and an opinion or perspective experienced by an identity   that is the selfthat is closely related to the self that is a speciesthat is related closely to a speciesof a genderof a gender that is male,An objective focus that is immaterial and an opinion or perspective experienced by an identity   that is related to the selfthat is distantly related to the selfthat is related to a speciesthat is distantly related to a speciesof a gender that is femaleof a gender that is other than male or female
1.2,    Subjective,"A subjective focus that is witnessed, experienced, or given by an identity ","A subjective focus that is witnessed, experienced, or given by an identity that is the self","A subjective focus that is witnessed, experienced, or given by an identity that is related to the self","A subjective focus that is witnessed, experienced, or given by an identity that is the selfthat is closely related to the self","A subjective focus that is witnessed, experienced, or given by an identity that is related to the selfthat is distantly related to the self","A subjective focus that is witnessed, experienced, or given by an identity that is the selfthat is closely related to the self that is a species","A subjective focus that is witnessed, experienced, or given by an identity that is related to the selfthat is distantly related to the selfthat is related to a species","A subjective focus that is witnessed, experienced, or given by an identity that is the selfthat is closely related to the self that is a speciesthat is related closely to a species","A subjective focus that is witnessed, experienced, or given by an identity that is related to the selfthat is distantly related to the selfthat is related to a speciesthat is distantly related to a species","A subjective focus that is witnessed, experienced, or given by an identity that is the selfthat is closely related to the self that is a speciesthat is related closely to a speciesof a gender","A subjective focus that is witnessed, experienced, or given by an identity that is related to the selfthat is distantly related to the selfthat is related to a speciesthat is distantly related to a speciesof a gender that is female","A subjective focus that is witnessed, experienced, or given by an identity that is the selfthat is closely related to the self that is a speciesthat is related closely to a speciesof a genderof a gender that is male","A subjective focus that is witnessed, experienced, or given by an identity that is related to the selfthat is distantly related to the selfthat is related to a speciesthat is distantly related to a speciesof a gender that is femaleof a gender that is other than male or female"
1.2.1,        Abstract ,"An abstract subjective focus that is witnessed, experienced, or provided by an identity ","An abstract subjective focus that is witnessed, experienced, or provided by an identity that is the self","An abstract subjective focus that is witnessed, experienced, or provided by an identity that is related to the self","An abstract subjective focus that is witnessed, experienced, or provided by an identity that is the selfthat is closely related to the self","An abstract subjective focus that is witnessed, experienced, or provided by an identity that is related to the selfthat is distantly related to the self","An abstract subjective focus that is witnessed, experienced, or provided by an identity that is the selfthat is closely related to the self that is a species","An abstract subjective focus that is witnessed, experienced, or provided by an identity that is related to the selfthat is distantly related to the selfthat is related to a species","An abstract subjective focus that is witnessed, experienced, or provided by an identity that is the selfthat is closely related to the self that is a speciesthat is related closely to a species","An abstract subjective focus that is witnessed, experienced, or provided by an identity that is related to the selfthat is distantly related to the selfthat is related to a speciesthat is distantly related to a species","An abstract subjective focus that is witnessed, experienced, or provided by an identity that is the selfthat is closely related to the self that is a speciesthat is related closely to a speciesof a gender","An abstract subjective focus that is witnessed, experienced, or provided by an identity that is related to the selfthat is distantly related to the selfthat is related to a speciesthat is distantly related to a speciesof a gender that is female","An abstract subjective focus that is witnessed, experienced, or provided by an identity that is the selfthat is closely related to the self that is a speciesthat is related closely to a speciesof a genderof a gender that is male","An abstract subjective focus that is witnessed, experienced, or provided by an identity that is related to the selfthat is distantly related to the selfthat is related to a speciesthat is distantly related to a speciesof a gender that is femaleof a gender that is other than male or female"
1.2.1.1,            Positive,"An abstract subjective positive focus that is witnessed, experienced, or provided by an identity ","An abstract subjective positive focus that is witnessed, experienced, or provided by an identity that is the self","An abstract subjective positive focus that is witnessed, experienced, or provided by an identity that is related to the self","An abstract subjective positive focus that is witnessed, experienced, or provided by an identity that is the selfthat is closely related to the self","An abstract subjective positive focus that is witnessed, experienced, or provided by an identity that is related to the selfthat is distantly related to the self","An abstract subjective positive focus that is witnessed, experienced, or provided by an identity that is the selfthat is closely related to the self that is a species","An abstract subjective positive focus that is witnessed, experienced, or provided by an identity that is related to the selfthat is distantly related to the selfthat is related to a species","An abstract subjective positive focus that is witnessed, experienced, or provided by an identity that is the selfthat is closely related to the self that is a speciesthat is related closely to a species","An abstract subjective positive focus that is witnessed, experienced, or provided by an identity that is related to the selfthat is distantly related to the selfthat is related to a speciesthat is distantly related to a species","An abstract subjective positive focus that is witnessed, experienced, or provided by an identity that is the selfthat is closely related to the self that is a speciesthat is related closely to a speciesof a gender","An abstract subjective positive focus that is witnessed, experienced, or provided by an identity that is related to the selfthat is distantly related to the selfthat is related to a speciesthat is distantly related to a speciesof a gender that is female","An abstract subjective positive focus that is witnessed, experienced, or provided by an identity that is the selfthat is closely related to the self that is a speciesthat is related closely to a speciesof a genderof a gender that is male","An abstract subjective positive focus that is witnessed, experienced, or provided by an identity that is related to the selfthat is distantly related to the selfthat is related to a speciesthat is distantly related to a speciesof a gender that is femaleof a gender that is other than male or female"
1.2.1.2,            Negative,"An abstract subjective negative focus that is witnessed, experienced, or provided by an identity ","An abstract subjective negative focus that is witnessed, experienced, or provided by an identity that is the self","An abstract subjective negative focus that is witnessed, experienced, or provided by an identity that is related to the self","An abstract subjective negative focus that is witnessed, experienced, or provided by an identity that is the selfthat is closely related to the self","An abstract subjective negative focus that is witnessed, experienced, or provided by an identity that is related to the selfthat is distantly related to the self","An abstract subjective negative focus that is witnessed, experienced, or provided by an identity that is the selfthat is closely related to the self that is a species","An abstract subjective negative focus that is witnessed, experienced, or provided by an identity that is related to the selfthat is distantly related to the selfthat is related to a species","An abstract subjective negative focus that is witnessed, experienced, or provided by an identity that is the selfthat is closely related to the self that is a speciesthat is related closely to a species","An abstract subjective negative focus that is witnessed, experienced, or provided by an identity that is related to the selfthat is distantly related to the selfthat is related to a speciesthat is distantly related to a species","An abstract subjective negative focus that is witnessed, experienced, or provided by an identity that is the selfthat is closely related to the self that is a speciesthat is related closely to a speciesof a gender","An abstract subjective negative focus that is witnessed, experienced, or provided by an identity that is related to the selfthat is distantly related to the selfthat is related to a speciesthat is distantly related to a speciesof a gender that is female","An abstract subjective negative focus that is witnessed, experienced, or provided by an identity that is the selfthat is closely related to the self that is a speciesthat is related closely to a speciesof a genderof a gender that is male","An abstract subjective negative focus that is witnessed, experienced, or provided by an identity that is related to the selfthat is distantly related to the selfthat is related to a speciesthat is distantly related to a speciesof a gender that is femaleof a gender that is other than male or female"
1.2.2,        Creative,"An abstract subjective creative focus that is witnessed, experienced, or provided by an identity ","An abstract subjective creative focus that is witnessed, experienced, or provided by an identity that is the self","An abstract subjective creative focus that is witnessed, experienced, or provided by an identity that is related to the self","An abstract subjective creative focus that is witnessed, experienced, or provided by an identity that is the selfthat is closely related to the self","An abstract subjective creative focus that is witnessed, experienced, or provided by an identity that is related to the selfthat is distantly related to the self","An abstract subjective creative focus that is witnessed, experienced, or provided by an identity that is the selfthat is closely related to the self that is a species","An abstract subjective creative focus that is witnessed, experienced, or provided by an identity that is related to the selfthat is distantly related to the selfthat is related to a species","An abstract subjective creative focus that is witnessed, experienced, or provided by an identity that is the selfthat is closely related to the self that is a speciesthat is related closely to a species","An abstract subjective creative focus that is witnessed, experienced, or provided by an identity that is related to the selfthat is distantly related to the selfthat is related to a speciesthat is distantly related to a species","An abstract subjective creative focus that is witnessed, experienced, or provided by an identity that is the selfthat is closely related to the self that is a speciesthat is related closely to a speciesof a gender","An abstract subjective creative focus that is witnessed, experienced, or provided by an identity that is related to the selfthat is distantly related to the selfthat is related to a speciesthat is distantly related to a speciesof a gender that is female","An abstract subjective creative focus that is witnessed, experienced, or provided by an identity that is the selfthat is closely related to the self that is a speciesthat is related closely to a speciesof a genderof a gender that is male","An abstract subjective creative focus that is witnessed, experienced, or provided by an identity that is related to the selfthat is distantly related to the selfthat is related to a speciesthat is distantly related to a speciesof a gender that is femaleof a gender that is other than male or female"
1.3,    General/Universal,A General or Universal Focus of the identity ,A General or Universal Focus of the identity that is the self,A General or Universal Focus of the identity that is related to the self,A General or Universal Focus of the identity that is the selfthat is closely related to the self,A General or Universal Focus of the identity that is related to the selfthat is distantly related to the self,A General or Universal Focus of the identity that is the selfthat is closely related to the self that is a species,A General or Universal Focus of the identity that is related to the selfthat is distantly related to the selfthat is related to a species,A General or Universal Focus of the identity that is the selfthat is closely related to the self that is a speciesthat is related closely to a species,A General or Universal Focus of the identity that is related to the selfthat is distantly related to the selfthat is related to a speciesthat is distantly related to a species,A General or Universal Focus of the identity that is the selfthat is closely related to the self that is a speciesthat is related closely to a speciesof a gender,A General or Universal Focus of the identity that is related to the selfthat is distantly related to the selfthat is related to a speciesthat is distantly related to a speciesof a gender that is female,A General or Universal Focus of the identity that is the selfthat is closely related to the self that is a speciesthat is related closely to a speciesof a genderof a gender that is male,A General or Universal Focus of the identity that is related to the selfthat is distantly related to the selfthat is related to a speciesthat is distantly related to a speciesof a gender that is femaleof a gender that is other than male or female
2,Spatial,A space or time that is possessed or associated with an identity ,A space or time that is possessed or associated with an identity that is the self,A space or time that is possessed or associated with an identity that is related to the self,A space or time that is possessed or associated with an identity that is the selfthat is closely related to the self,A space or time that is possessed or associated with an identity that is related to the selfthat is distantly related to the self,A space or time that is possessed or associated with an identity that is the selfthat is closely related to the self that is a species,A space or time that is possessed or associated with an identity that is related to the selfthat is distantly related to the selfthat is related to a species,A space or time that is possessed or associated with an identity that is the selfthat is closely related to the self that is a speciesthat is related closely to a species,A space or time that is possessed or associated with an identity that is related to the selfthat is distantly related to the selfthat is related to a speciesthat is distantly related to a species,A space or time that is possessed or associated with an identity that is the selfthat is closely related to the self that is a speciesthat is related closely to a speciesof a gender,A space or time that is possessed or associated with an identity that is related to the selfthat is distantly related to the selfthat is related to a speciesthat is distantly related to a speciesof a gender that is female,A space or time that is possessed or associated with an identity that is the selfthat is closely related to the self that is a speciesthat is related closely to a speciesof a genderof a gender that is male,A space or time that is possessed or associated with an identity that is related to the selfthat is distantly related to the selfthat is related to a speciesthat is distantly related to a speciesof a gender that is femaleof a gender that is other than male or female
2.1,    Space,A space that is possessed or associated with an identity ,A space that is possessed or associated with an identity that is the self,A space that is possessed or associated with an identity that is related to the self,A space that is possessed or associated with an identity that is the selfthat is closely related to the self,A space that is possessed or associated with an identity that is related to the selfthat is distantly related to the self,A space that is possessed or associated with an identity that is the selfthat is closely related to the self that is a species,A space that is possessed or associated with an identity that is related to the selfthat is distantly related to the selfthat is related to a species,A space that is possessed or associated with an identity that is the selfthat is closely related to the self that is a speciesthat is related closely to a species,A space that is possessed or associated with an identity that is related to the selfthat is distantly related to the selfthat is related to a speciesthat is distantly related to a species,A space that is possessed or associated with an identity that is the selfthat is closely related to the self that is a speciesthat is related closely to a speciesof a gender,A space that is possessed or associated with an identity that is related to the selfthat is distantly related to the selfthat is related to a speciesthat is distantly related to a speciesof a gender that is female,A space that is possessed or associated with an identity that is the selfthat is closely related to the self that is a speciesthat is related closely to a speciesof a genderof a gender that is male,A space that is possessed or associated with an identity that is related to the selfthat is distantly related to the selfthat is related to a speciesthat is distantly related to a speciesof a gender that is femaleof a gender that is other than male or female
2.1.1,        Near/Close,A space that is near or close that is possessed or associated with an identity ,A space that is near or close that is possessed or associated with an identity that is the self,A space that is near or close that is possessed or associated with an identity that is related to the self,A space that is near or close that is possessed or associated with an identity that is the selfthat is closely related to the self,A space that is near or close that is possessed or associated with an identity that is related to the selfthat is distantly related to the self,A space that is near or close that is possessed or associated with an identity that is the selfthat is closely related to the self that is a species,A space that is near or close that is possessed or associated with an identity that is related to the selfthat is distantly related to the selfthat is related to a species,A space that is near or close that is possessed or associated with an identity that is the selfthat is closely related to the self that is a speciesthat is related closely to a species,A space that is near or close that is possessed or associated with an identity that is related to the selfthat is distantly related to the selfthat is related to a speciesthat is distantly related to a species,A space that is near or close that is possessed or associated with an identity that is the selfthat is closely related to the self that is a speciesthat is related closely to a speciesof a gender,A space that is near or close that is possessed or associated with an identity that is related to the selfthat is distantly related to the selfthat is related to a speciesthat is distantly related to a speciesof a gender that is female,A space that is near or close that is possessed or associated with an identity that is the selfthat is closely related to the self that is a speciesthat is related closely to a speciesof a genderof a gender that is male,A space that is near or close that is possessed or associated with an identity that is related to the selfthat is distantly related to the selfthat is related to a speciesthat is distantly related to a speciesof a gender that is femaleof a gender that is other than male or female
2.1.2,        Distant/Far,A space that is distant or far that is possessed or associated with an identity ,A space that is distant or far that is possessed or associated with an identity that is the self,A space that is distant or far that is possessed or associated with an identity that is related to the self,A space that is distant or far that is possessed or associated with an identity that is the selfthat is closely related to the self,A space that is distant or far that is possessed or associated with an identity that is related to the selfthat is distantly related to the self,A space that is distant or far that is possessed or associated with an identity that is the selfthat is closely related to the self that is a species,A space that is distant or far that is possessed or associated with an identity that is related to the selfthat is distantly related to the selfthat is related to a species,A space that is distant or far that is possessed or associated with an identity that is the selfthat is closely related to the self that is a speciesthat is related closely to a species,A space that is distant or far that is possessed or associated with an identity that is related to the selfthat is distantly related to the selfthat is related to a speciesthat is distantly related to a species,A space that is distant or far that is possessed or associated with an identity that is the selfthat is closely related to the self that is a speciesthat is related closely to a speciesof a gender,A space that is distant or far that is possessed or associated with an identity that is related to the selfthat is distantly related to the selfthat is related to a speciesthat is distantly related to a speciesof a gender that is female,A space that is distant or far that is possessed or associated with an identity that is the selfthat is closely related to the self that is a speciesthat is related closely to a speciesof a genderof a gender that is male,A space that is distant or far that is possessed or associated with an identity that is related to the selfthat is distantly related to the selfthat is related to a speciesthat is distantly related to a speciesof a gender that is femaleof a gender that is other than male or female
2.1.3,        Location,A location that is possessed or associated with an identity ,A location that is possessed or associated with an identity that is the self,A location that is possessed or associated with an identity that is related to the self,A location that is possessed or associated with an identity that is the selfthat is closely related to the self,A location that is possessed or associated with an identity that is related to the selfthat is distantly related to the self,A location that is possessed or associated with an identity that is the selfthat is closely related to the self that is a species,A location that is possessed or associated with an identity that is related to the selfthat is distantly related to the selfthat is related to a species,A location that is possessed or associated with an identity that is the selfthat is closely related to the self that is a speciesthat is related closely to a species,A location that is possessed or associated with an identity that is related to the selfthat is distantly related to the selfthat is related to a speciesthat is distantly related to a species,A location that is possessed or associated with an identity that is the selfthat is closely related to the self that is a speciesthat is related closely to a speciesof a gender,A location that is possessed or associated with an identity that is related to the selfthat is distantly related to the selfthat is related to a speciesthat is distantly related to a speciesof a gender that is female,A location that is possessed or associated with an identity that is the selfthat is closely related to the self that is a speciesthat is related closely to a speciesof a genderof a gender that is male,A location that is possessed or associated with an identity that is related to the selfthat is distantly related to the selfthat is related to a speciesthat is distantly related to a speciesof a gender that is femaleof a gender that is other than male or female
2.2,    Time,A time associated with an identity ,A time associated with an identity that is the self,A time associated with an identity that is related to the self,A time associated with an identity that is the selfthat is closely related to the self,A time associated with an identity that is related to the selfthat is distantly related to the self,A time associated with an identity that is the selfthat is closely related to the self that is a species,A time associated with an identity that is related to the selfthat is distantly related to the selfthat is related to a species,A time associated with an identity that is the selfthat is closely related to the self that is a speciesthat is related closely to a species,A time associated with an identity that is related to the selfthat is distantly related to the selfthat is related to a speciesthat is distantly related to a species,A time associated with an identity that is the selfthat is closely related to the self that is a speciesthat is related closely to a speciesof a gender,A time associated with an identity that is related to the selfthat is distantly related to the selfthat is related to a speciesthat is distantly related to a speciesof a gender that is female,A time associated with an identity that is the selfthat is closely related to the self that is a speciesthat is related closely to a speciesof a genderof a gender that is male,A time associated with an identity that is related to the selfthat is distantly related to the selfthat is related to a speciesthat is distantly related to a speciesof a gender that is femaleof a gender that is other than male or female
2.2.1,        Present,A time that is the present time associated with an identity ,A time that is the present time associated with an identity that is the self,A time that is the present time associated with an identity that is related to the self,A time that is the present time associated with an identity that is the selfthat is closely related to the self,A time that is the present time associated with an identity that is related to the selfthat is distantly related to the self,A time that is the present time associated with an identity that is the selfthat is closely related to the self that is a species,A time that is the present time associated with an identity that is related to the selfthat is distantly related to the selfthat is related to a species,A time that is the present time associated with an identity that is the selfthat is closely related to the self that is a speciesthat is related closely to a species,A time that is the present time associated with an identity that is related to the selfthat is distantly related to the selfthat is related to a speciesthat is distantly related to a species,A time that is the present time associated with an identity that is the selfthat is closely related to the self that is a speciesthat is related closely to a speciesof a gender,A time that is the present time associated with an identity that is related to the selfthat is distantly related to the selfthat is related to a speciesthat is distantly related to a speciesof a gender that is female,A time that is the present time associated with an identity that is the selfthat is closely related to the self that is a speciesthat is related closely to a speciesof a genderof a gender that is male,A time that is the present time associated with an identity that is related to the selfthat is distantly related to the selfthat is related to a speciesthat is distantly related to a speciesof a gender that is femaleof a gender that is other than male or female
2.2.2,        Past,A time in the past associated with an identity ,A time in the past associated with an identity that is the self,A time in the past associated with an identity that is related to the self,A time in the past associated with an identity that is the selfthat is closely related to the self,A time in the past associated with an identity that is related to the selfthat is distantly related to the self,A time in the past associated with an identity that is the selfthat is closely related to the self that is a species,A time in the past associated with an identity that is related to the selfthat is distantly related to the selfthat is related to a species,A time in the past associated with an identity that is the selfthat is closely related to the self that is a speciesthat is related closely to a species,A time in the past associated with an identity that is related to the selfthat is distantly related to the selfthat is related to a speciesthat is distantly related to a species,A time in the past associated with an identity that is the selfthat is closely related to the self that is a speciesthat is related closely to a speciesof a gender,A time in the past associated with an identity that is related to the selfthat is distantly related to the selfthat is related to a speciesthat is distantly related to a speciesof a gender that is female,A time in the past associated with an identity that is the selfthat is closely related to the self that is a speciesthat is related closely to a speciesof a genderof a gender that is male,A time in the past associated with an identity that is related to the selfthat is distantly related to the selfthat is related to a speciesthat is distantly related to a speciesof a gender that is femaleof a gender that is other than male or female
2.2.2.1,          Near,A time in the near past associated with an identity ,A time in the near past associated with an identity that is the self,A time in the near past associated with an identity that is related to the self,A time in the near past associated with an identity that is the selfthat is closely related to the self,A time in the near past associated with an identity that is related to the selfthat is distantly related to the self,A time in the near past associated with an identity that is the selfthat is closely related to the self that is a species,A time in the near past associated with an identity that is related to the selfthat is distantly related to the selfthat is related to a species,A time in the near past associated with an identity that is the selfthat is closely related to the self that is a speciesthat is related closely to a species,A time in the near past associated with an identity that is related to the selfthat is distantly related to the selfthat is related to a speciesthat is distantly related to a species,A time in the near past associated with an identity that is the selfthat is closely related to the self that is a speciesthat is related closely to a speciesof a gender,A time in the near past associated with an identity that is related to the selfthat is distantly related to the selfthat is related to a speciesthat is distantly related to a speciesof a gender that is female,A time in the near past associated with an identity that is the selfthat is closely related to the self that is a speciesthat is related closely to a speciesof a genderof a gender that is male,A time in the near past associated with an identity that is related to the selfthat is distantly related to the selfthat is related to a speciesthat is distantly related to a speciesof a gender that is femaleof a gender that is other than male or female
2.2.2.2,          Distant ,A time in the distant past associated with an identity ,A time in the distant past associated with an identity that is the self,A time in the distant past associated with an identity that is related to the self,A time in the distant past associated with an identity that is the selfthat is closely related to the self,A time in the distant past associated with an identity that is related to the selfthat is distantly related to the self,A time in the distant past associated with an identity that is the selfthat is closely related to the self that is a species,A time in the distant past associated with an identity that is related to the selfthat is distantly related to the selfthat is related to a species,A time in the distant past associated with an identity that is the selfthat is closely related to the self that is a speciesthat is related closely to a species,A time in the distant past associated with an identity that is related to the selfthat is distantly related to the selfthat is related to a speciesthat is distantly related to a species,A time in the distant past associated with an identity that is the selfthat is closely related to the self that is a speciesthat is related closely to a speciesof a gender,A time in the distant past associated with an identity that is related to the selfthat is distantly related to the selfthat is related to a speciesthat is distantly related to a speciesof a gender that is female,A time in the distant past associated with an identity that is the selfthat is closely related to the self that is a speciesthat is related closely to a speciesof a genderof a gender that is male,A time in the distant past associated with an identity that is related to the selfthat is distantly related to the selfthat is related to a speciesthat is distantly related to a speciesof a gender that is femaleof a gender that is other than male or female
2.2.3,    Future,A time in the future associated with an identity ,A time in the future associated with an identity that is the self,A time in the future associated with an identity that is related to the self,A time in the future associated with an identity that is the selfthat is closely related to the self,A time in the future associated with an identity that is related to the selfthat is distantly related to the self,A time in the future associated with an identity that is the selfthat is closely related to the self that is a species,A time in the future associated with an identity that is related to the selfthat is distantly related to the selfthat is related to a species,A time in the future associated with an identity that is the selfthat is closely related to the self that is a speciesthat is related closely to a species,A time in the future associated with an identity that is related to the selfthat is distantly related to the selfthat is related to a speciesthat is distantly related to a species,A time in the future associated with an identity that is the selfthat is closely related to the self that is a speciesthat is related closely to a speciesof a gender,A time in the future associated with an identity that is related to the selfthat is distantly related to the selfthat is related to a speciesthat is distantly related to a speciesof a gender that is female,A time in the future associated with an identity that is the selfthat is closely related to the self that is a speciesthat is related closely to a speciesof a genderof a gender that is male,A time in the future associated with an identity that is related to the selfthat is distantly related to the selfthat is related to a speciesthat is distantly related to a speciesof a gender that is femaleof a gender that is other than male or female
2.2.3.1,          Near,A time in the near future associated with an identity ,A time in the near future associated with an identity that is the self,A time in the near future associated with an identity that is related to the self,A time in the near future associated with an identity that is the selfthat is closely related to the self,A time in the near future associated with an identity that is related to the selfthat is distantly related to the self,A time in the near future associated with an identity that is the selfthat is closely related to the self that is a species,A time in the near future associated with an identity that is related to the selfthat is distantly related to the selfthat is related to a species,A time in the near future associated with an identity that is the selfthat is closely related to the self that is a speciesthat is related closely to a species,A time in the near future associated with an identity that is related to the selfthat is distantly related to the selfthat is related to a speciesthat is distantly related to a species,A time in the near future associated with an identity that is the selfthat is closely related to the self that is a speciesthat is related closely to a speciesof a gender,A time in the near future associated with an identity that is related to the selfthat is distantly related to the selfthat is related to a speciesthat is distantly related to a speciesof a gender that is female,A time in the near future associated with an identity that is the selfthat is closely related to the self that is a speciesthat is related closely to a speciesof a genderof a gender that is male,A time in the near future associated with an identity that is related to the selfthat is distantly related to the selfthat is related to a speciesthat is distantly related to a speciesof a gender that is femaleof a gender that is other than male or female
2.2.3.2,          Distant,A time in the distant future associated with an identity ,A time in the distant future associated with an identity that is the self,A time in the distant future associated with an identity that is related to the self,A time in the distant future associated with an identity that is the selfthat is closely related to the self,A time in the distant future associated with an identity that is related to the selfthat is distantly related to the self,A time in the distant future associated with an identity that is the selfthat is closely related to the self that is a species,A time in the distant future associated with an identity that is related to the selfthat is distantly related to the selfthat is related to a species,A time in the distant future associated with an identity that is the selfthat is closely related to the self that is a speciesthat is related closely to a species,A time in the distant future associated with an identity that is related to the selfthat is distantly related to the selfthat is related to a speciesthat is distantly related to a species,A time in the distant future associated with an identity that is the selfthat is closely related to the self that is a speciesthat is related closely to a speciesof a gender,A time in the distant future associated with an identity that is related to the selfthat is distantly related to the selfthat is related to a speciesthat is distantly related to a speciesof a gender that is female,A time in the distant future associated with an identity that is the selfthat is closely related to the self that is a speciesthat is related closely to a speciesof a genderof a gender that is male,A time in the distant future associated with an identity that is related to the selfthat is distantly related to the selfthat is related to a speciesthat is distantly related to a speciesof a gender that is femaleof a gender that is other than male or female
3,Action,An action in relation to an identity ,An action in relation to an identity that is the self,An action in relation to an identity that is related to the self,An action in relation to an identity that is the selfthat is closely related to the self,An action in relation to an identity that is related to the selfthat is distantly related to the self,An action in relation to an identity that is the selfthat is closely related to the self that is a species,An action in relation to an identity that is related to the selfthat is distantly related to the selfthat is related to a species,An action in relation to an identity that is the selfthat is closely related to the self that is a speciesthat is related closely to a species,An action in relation to an identity that is related to the selfthat is distantly related to the selfthat is related to a speciesthat is distantly related to a species,An action in relation to an identity that is the selfthat is closely related to the self that is a speciesthat is related closely to a speciesof a gender,An action in relation to an identity that is related to the selfthat is distantly related to the selfthat is related to a speciesthat is distantly related to a speciesof a gender that is female,An action in relation to an identity that is the selfthat is closely related to the self that is a speciesthat is related closely to a speciesof a genderof a gender that is male,An action in relation to an identity that is related to the selfthat is distantly related to the selfthat is related to a speciesthat is distantly related to a speciesof a gender that is femaleof a gender that is other than male or female
3.1,Current/Occuring,a current or occuring action in relation to an identity ,a current or occuring action in relation to an identity that is the self,a current or occuring action in relation to an identity that is related to the self,a current or occuring action in relation to an identity that is the selfthat is closely related to the self,a current or occuring action in relation to an identity that is related to the selfthat is distantly related to the self,a current or occuring action in relation to an identity that is the selfthat is closely related to the self that is a species,a current or occuring action in relation to an identity that is related to the selfthat is distantly related to the selfthat is related to a species,a current or occuring action in relation to an identity that is the selfthat is closely related to the self that is a speciesthat is related closely to a species,a current or occuring action in relation to an identity that is related to the selfthat is distantly related to the selfthat is related to a speciesthat is distantly related to a species,a current or occuring action in relation to an identity that is the selfthat is closely related to the self that is a speciesthat is related closely to a speciesof a gender,a current or occuring action in relation to an identity that is related to the selfthat is distantly related to the selfthat is related to a speciesthat is distantly related to a speciesof a gender that is female,a current or occuring action in relation to an identity that is the selfthat is closely related to the self that is a speciesthat is related closely to a speciesof a genderof a gender that is male,a current or occuring action in relation to an identity that is related to the selfthat is distantly related to the selfthat is related to a speciesthat is distantly related to a speciesof a gender that is femaleof a gender that is other than male or female
3.2,Past/Occured,a past action or an action that has already occured in relation to an identity ,a past action or an action that has already occured in relation to an identity that is the self,a past action or an action that has already occured in relation to an identity that is related to the self,a past action or an action that has already occured in relation to an identity that is the selfthat is closely related to the self,a past action or an action that has already occured in relation to an identity that is related to the selfthat is distantly related to the self,a past action or an action that has already occured in relation to an identity that is the selfthat is closely related to the self that is a species,a past action or an action that has already occured in relation to an identity that is related to the selfthat is distantly related to the selfthat is related to a species,a past action or an action that has already occured in relation to an identity that is the selfthat is closely related to the self that is a speciesthat is related closely to a species,a past action or an action that has already occured in relation to an identity that is related to the selfthat is distantly related to the selfthat is related to a speciesthat is distantly related to a species,a past action or an action that has already occured in relation to an identity that is the selfthat is closely related to the self that is a speciesthat is related closely to a speciesof a gender,a past action or an action that has already occured in relation to an identity that is related to the selfthat is distantly related to the selfthat is related to a speciesthat is distantly related to a speciesof a gender that is female,a past action or an action that has already occured in relation to an identity that is the selfthat is closely related to the self that is a speciesthat is related closely to a speciesof a genderof a gender that is male,a past action or an action that has already occured in relation to an identity that is related to the selfthat is distantly related to the selfthat is related to a speciesthat is distantly related to a speciesof a gender that is femaleof a gender that is other than male or female
3.3,Future/Later,a future action or action that will occur later in relation to an identity ,a future action or action that will occur later in relation to an identity that is the self,a future action or action that will occur later in relation to an identity that is related to the self,a future action or action that will occur later in relation to an identity that is the selfthat is closely related to the self,a future action or action that will occur later in relation to an identity that is related to the selfthat is distantly related to the self,a future action or action that will occur later in relation to an identity that is the selfthat is closely related to the self that is a species,a future action or action that will occur later in relation to an identity that is related to the selfthat is distantly related to the selfthat is related to a species,a future action or action that will occur later in relation to an identity that is the selfthat is closely related to the self that is a speciesthat is related closely to a species,a future action or action that will occur later in relation to an identity that is related to the selfthat is distantly related to the selfthat is related to a speciesthat is distantly related to a species,a future action or action that will occur later in relation to an identity that is the selfthat is closely related to the self that is a speciesthat is related closely to a speciesof a gender,a future action or action that will occur later in relation to an identity that is related to the selfthat is distantly related to the selfthat is related to a speciesthat is distantly related to a speciesof a gender that is female,a future action or action that will occur later in relation to an identity that is the selfthat is closely related to the self that is a speciesthat is related closely to a speciesof a genderof a gender that is male,a future action or action that will occur later in relation to an identity that is related to the selfthat is distantly related to the selfthat is related to a speciesthat is distantly related to a speciesof a gender that is femaleof a gender that is other than male or female
3.4,Rest/Stop,"a resting or stopped action, or action no longer occuring in relation to an identity ","a resting or stopped action, or action no longer occuring in relation to an identity that is the self","a resting or stopped action, or action no longer occuring in relation to an identity that is related to the self","a resting or stopped action, or action no longer occuring in relation to an identity that is the selfthat is closely related to the self","a resting or stopped action, or action no longer occuring in relation to an identity that is related to the selfthat is distantly related to the self","a resting or stopped action, or action no longer occuring in relation to an identity that is the selfthat is closely related to the self that is a species","a resting or stopped action, or action no longer occuring in relation to an identity that is related to the selfthat is distantly related to the selfthat is related to a species","a resting or stopped action, or action no longer occuring in relation to an identity that is the selfthat is closely related to the self that is a speciesthat is related closely to a species","a resting or stopped action, or action no longer occuring in relation to an identity that is related to the selfthat is distantly related to the selfthat is related to a speciesthat is distantly related to a species","a resting or stopped action, or action no longer occuring in relation to an identity that is the selfthat is closely related to the self that is a speciesthat is related closely to a speciesof a gender","a resting or stopped action, or action no longer occuring in relation to an identity that is related to the selfthat is distantly related to the selfthat is related to a speciesthat is distantly related to a speciesof a gender that is female","a resting or stopped action, or action no longer occuring in relation to an identity that is the selfthat is closely related to the self that is a speciesthat is related closely to a speciesof a genderof a gender that is male","a resting or stopped action, or action no longer occuring in relation to an identity that is related to the selfthat is distantly related to the selfthat is related to a speciesthat is distantly related to a speciesof a gender that is femaleof a gender that is other than male or female"
4,Identity,The same identity ,The same identity that is the self,The same identity that is related to the self,The same identity that is the selfthat is closely related to the self,The same identity that is related to the selfthat is distantly related to the self,The same identity that is the selfthat is closely related to the self that is a species,The same identity that is related to the selfthat is distantly related to the selfthat is related to a species,The same identity that is the selfthat is closely related to the self that is a speciesthat is related closely to a species,The same identity that is related to the selfthat is distantly related to the selfthat is related to a speciesthat is distantly related to a species,The same identity that is the selfthat is closely related to the self that is a speciesthat is related closely to a speciesof a gender,The same identity that is related to the selfthat is distantly related to the selfthat is related to a speciesthat is distantly related to a speciesof a gender that is female,The same identity that is the selfthat is closely related to the self that is a speciesthat is related closely to a speciesof a genderof a gender that is male,The same identity that is related to the selfthat is distantly related to the selfthat is related to a speciesthat is distantly related to a speciesof a gender that is femaleof a gender that is other than male or female
4.1,    Self,The identity of the self ,The identity of the self that is the self,The identity of the self that is related to the self,The identity of the self that is the selfthat is closely related to the self,The identity of the self that is related to the selfthat is distantly related to the self,The identity of the self that is the selfthat is closely related to the self that is a species,The identity of the self that is related to the selfthat is distantly related to the selfthat is related to a species,The identity of the self that is the selfthat is closely related to the self that is a speciesthat is related closely to a species,The identity of the self that is related to the selfthat is distantly related to the selfthat is related to a speciesthat is distantly related to a species,The identity of the self that is the selfthat is closely related to the self that is a speciesthat is related closely to a speciesof a gender,The identity of the self that is related to the selfthat is distantly related to the selfthat is related to a speciesthat is distantly related to a speciesof a gender that is female,The identity of the self that is the selfthat is closely related to the self that is a speciesthat is related closely to a speciesof a genderof a gender that is male,The identity of the self that is related to the selfthat is distantly related to the selfthat is related to a speciesthat is distantly related to a speciesof a gender that is femaleof a gender that is other than male or female
4.1.1,        Related,An identity related to the self ,An identity related to the self that is the self,An identity related to the self that is related to the self,An identity related to the self that is the selfthat is closely related to the self,An identity related to the self that is related to the selfthat is distantly related to the self,An identity related to the self that is the selfthat is closely related to the self that is a species,An identity related to the self that is related to the selfthat is distantly related to the selfthat is related to a species,An identity related to the self that is the selfthat is closely related to the self that is a speciesthat is related closely to a species,An identity related to the self that is related to the selfthat is distantly related to the selfthat is related to a speciesthat is distantly related to a species,An identity related to the self that is the selfthat is closely related to the self that is a speciesthat is related closely to a speciesof a gender,An identity related to the self that is related to the selfthat is distantly related to the selfthat is related to a speciesthat is distantly related to a speciesof a gender that is female,An identity related to the self that is the selfthat is closely related to the self that is a speciesthat is related closely to a speciesof a genderof a gender that is male,An identity related to the self that is related to the selfthat is distantly related to the selfthat is related to a speciesthat is distantly related to a speciesof a gender that is femaleof a gender that is other than male or female
4.1.1.1,          Close,An identity that is closely related to the self ,An identity that is closely related to the self that is the self,An identity that is closely related to the self that is related to the self,An identity that is closely related to the self that is the selfthat is closely related to the self,An identity that is closely related to the self that is related to the selfthat is distantly related to the self,An identity that is closely related to the self that is the selfthat is closely related to the self that is a species,An identity that is closely related to the self that is related to the selfthat is distantly related to the selfthat is related to a species,An identity that is closely related to the self that is the selfthat is closely related to the self that is a speciesthat is related closely to a species,An identity that is closely related to the self that is related to the selfthat is distantly related to the selfthat is related to a speciesthat is distantly related to a species,An identity that is closely related to the self that is the selfthat is closely related to the self that is a speciesthat is related closely to a speciesof a gender,An identity that is closely related to the self that is related to the selfthat is distantly related to the selfthat is related to a speciesthat is distantly related to a speciesof a gender that is female,An identity that is closely related to the self that is the selfthat is closely related to the self that is a speciesthat is related closely to a speciesof a genderof a gender that is male,An identity that is closely related to the self that is related to the selfthat is distantly related to the selfthat is related to a speciesthat is distantly related to a speciesof a gender that is femaleof a gender that is other than male or female
4.1.1.2,          Distant ,An identity that is distantly related to the self ,An identity that is distantly related to the self that is the self,An identity that is distantly related to the self that is related to the self,An identity that is distantly related to the self that is the selfthat is closely related to the self,An identity that is distantly related to the self that is related to the selfthat is distantly related to the self,An identity that is distantly related to the self that is the selfthat is closely related to the self that is a species,An identity that is distantly related to the self that is related to the selfthat is distantly related to the selfthat is related to a species,An identity that is distantly related to the self that is the selfthat is closely related to the self that is a speciesthat is related closely to a species,An identity that is distantly related to the self that is related to the selfthat is distantly related to the selfthat is related to a speciesthat is distantly related to a species,An identity that is distantly related to the self that is the selfthat is closely related to the self that is a speciesthat is related closely to a speciesof a gender,An identity that is distantly related to the self that is related to the selfthat is distantly related to the selfthat is related to a speciesthat is distantly related to a speciesof a gender that is female,An identity that is distantly related to the self that is the selfthat is closely related to the self that is a speciesthat is related closely to a speciesof a genderof a gender that is male,An identity that is distantly related to the self that is related to the selfthat is distantly related to the selfthat is related to a speciesthat is distantly related to a speciesof a gender that is femaleof a gender that is other than male or female
4.2,    Species,The particular species of an identity ,The particular species of an identity that is the self,The particular species of an identity that is related to the self,The particular species of an identity that is the selfthat is closely related to the self,The particular species of an identity that is related to the selfthat is distantly related to the self,The particular species of an identity that is the selfthat is closely related to the self that is a species,The particular species of an identity that is related to the selfthat is distantly related to the selfthat is related to a species,The particular species of an identity that is the selfthat is closely related to the self that is a speciesthat is related closely to a species,The particular species of an identity that is related to the selfthat is distantly related to the selfthat is related to a speciesthat is distantly related to a species,The particular species of an identity that is the selfthat is closely related to the self that is a speciesthat is related closely to a speciesof a gender,The particular species of an identity that is related to the selfthat is distantly related to the selfthat is related to a speciesthat is distantly related to a speciesof a gender that is female,The particular species of an identity that is the selfthat is closely related to the self that is a speciesthat is related closely to a speciesof a genderof a gender that is male,The particular species of an identity that is related to the selfthat is distantly related to the selfthat is related to a speciesthat is distantly related to a speciesof a gender that is femaleof a gender that is other than male or female
4.2.1,        Related,A particular species related to an identity ,A particular species related to an identity that is the self,A particular species related to an identity that is related to the self,A particular species related to an identity that is the selfthat is closely related to the self,A particular species related to an identity that is related to the selfthat is distantly related to the self,A particular species related to an identity that is the selfthat is closely related to the self that is a species,A particular species related to an identity that is related to the selfthat is distantly related to the selfthat is related to a species,A particular species related to an identity that is the selfthat is closely related to the self that is a speciesthat is related closely to a species,A particular species related to an identity that is related to the selfthat is distantly related to the selfthat is related to a speciesthat is distantly related to a species,A particular species related to an identity that is the selfthat is closely related to the self that is a speciesthat is related closely to a speciesof a gender,A particular species related to an identity that is related to the selfthat is distantly related to the selfthat is related to a speciesthat is distantly related to a speciesof a gender that is female,A particular species related to an identity that is the selfthat is closely related to the self that is a speciesthat is related closely to a speciesof a genderof a gender that is male,A particular species related to an identity that is related to the selfthat is distantly related to the selfthat is related to a speciesthat is distantly related to a speciesof a gender that is femaleof a gender that is other than male or female
4.2.1.1,          Close,A particular closely related species to an identity ,A particular closely related species to an identity that is the self,A particular closely related species to an identity that is related to the self,A particular closely related species to an identity that is the selfthat is closely related to the self,A particular closely related species to an identity that is related to the selfthat is distantly related to the self,A particular closely related species to an identity that is the selfthat is closely related to the self that is a species,A particular closely related species to an identity that is related to the selfthat is distantly related to the selfthat is related to a species,A particular closely related species to an identity that is the selfthat is closely related to the self that is a speciesthat is related closely to a species,A particular closely related species to an identity that is related to the selfthat is distantly related to the selfthat is related to a speciesthat is distantly related to a species,A particular closely related species to an identity that is the selfthat is closely related to the self that is a speciesthat is related closely to a speciesof a gender,A particular closely related species to an identity that is related to the selfthat is distantly related to the selfthat is related to a speciesthat is distantly related to a speciesof a gender that is female,A particular closely related species to an identity that is the selfthat is closely related to the self that is a speciesthat is related closely to a speciesof a genderof a gender that is male,A particular closely related species to an identity that is related to the selfthat is distantly related to the selfthat is related to a speciesthat is distantly related to a speciesof a gender that is femaleof a gender that is other than male or female
4.2.1.2,          Distant ,A particular distantly related species to an identity ,A particular distantly related species to an identity that is the self,A particular distantly related species to an identity that is related to the self,A particular distantly related species to an identity that is the selfthat is closely related to the self,A particular distantly related species to an identity that is related to the selfthat is distantly related to the self,A particular distantly related species to an identity that is the selfthat is closely related to the self that is a species,A particular distantly related species to an identity that is related to the selfthat is distantly related to the selfthat is related to a species,A particular distantly related species to an identity that is the selfthat is closely related to the self that is a speciesthat is related closely to a species,A particular distantly related species to an identity that is related to the selfthat is distantly related to the selfthat is related to a speciesthat is distantly related to a species,A particular distantly related species to an identity that is the selfthat is closely related to the self that is a speciesthat is related closely to a speciesof a gender,A particular distantly related species to an identity that is related to the selfthat is distantly related to the selfthat is related to a speciesthat is distantly related to a speciesof a gender that is female,A particular distantly related species to an identity that is the selfthat is closely related to the self that is a speciesthat is related closely to a speciesof a genderof a gender that is male,A particular distantly related species to an identity that is related to the selfthat is distantly related to the selfthat is related to a speciesthat is distantly related to a speciesof a gender that is femaleof a gender that is other than male or female
4.3,    Gender,The gender associated with an identity ,The gender associated with an identity that is the self,The gender associated with an identity that is related to the self,The gender associated with an identity that is the selfthat is closely related to the self,The gender associated with an identity that is related to the selfthat is distantly related to the self,The gender associated with an identity that is the selfthat is closely related to the self that is a species,The gender associated with an identity that is related to the selfthat is distantly related to the selfthat is related to a species,The gender associated with an identity that is the selfthat is closely related to the self that is a speciesthat is related closely to a species,The gender associated with an identity that is related to the selfthat is distantly related to the selfthat is related to a speciesthat is distantly related to a species,The gender associated with an identity that is the selfthat is closely related to the self that is a speciesthat is related closely to a speciesof a gender,The gender associated with an identity that is related to the selfthat is distantly related to the selfthat is related to a speciesthat is distantly related to a speciesof a gender that is female,The gender associated with an identity that is the selfthat is closely related to the self that is a speciesthat is related closely to a speciesof a genderof a gender that is male,The gender associated with an identity that is related to the selfthat is distantly related to the selfthat is related to a speciesthat is distantly related to a speciesof a gender that is femaleof a gender that is other than male or female
4.3.1,        Female,the female gender associated with an identity ,the female gender associated with an identity that is the self,the female gender associated with an identity that is related to the self,the female gender associated with an identity that is the selfthat is closely related to the self,the female gender associated with an identity that is related to the selfthat is distantly related to the self,the female gender associated with an identity that is the selfthat is closely related to the self that is a species,the female gender associated with an identity that is related to the selfthat is distantly related to the selfthat is related to a species,the female gender associated with an identity that is the selfthat is closely related to the self that is a speciesthat is related closely to a species,the female gender associated with an identity that is related to the selfthat is distantly related to the selfthat is related to a speciesthat is distantly related to a species,the female gender associated with an identity that is the selfthat is closely related to the self that is a speciesthat is related closely to a speciesof a gender,the female gender associated with an identity that is related to the selfthat is distantly related to the selfthat is related to a speciesthat is distantly related to a speciesof a gender that is female,the female gender associated with an identity that is the selfthat is closely related to the self that is a speciesthat is related closely to a speciesof a genderof a gender that is male,the female gender associated with an identity that is related to the selfthat is distantly related to the selfthat is related to a speciesthat is distantly related to a speciesof a gender that is femaleof a gender that is other than male or female
4.3.2,        Male,the male gender that is associated with an identity ,the male gender that is associated with an identity that is the self,the male gender that is associated with an identity that is related to the self,the male gender that is associated with an identity that is the selfthat is closely related to the self,the male gender that is associated with an identity that is related to the selfthat is distantly related to the self,the male gender that is associated with an identity that is the selfthat is closely related to the self that is a species,the male gender that is associated with an identity that is related to the selfthat is distantly related to the selfthat is related to a species,the male gender that is associated with an identity that is the selfthat is closely related to the self that is a speciesthat is related closely to a species,the male gender that is associated with an identity that is related to the selfthat is distantly related to the selfthat is related to a speciesthat is distantly related to a species,the male gender that is associated with an identity that is the selfthat is closely related to the self that is a speciesthat is related closely to a speciesof a gender,the male gender that is associated with an identity that is related to the selfthat is distantly related to the selfthat is related to a speciesthat is distantly related to a speciesof a gender that is female,the male gender that is associated with an identity that is the selfthat is closely related to the self that is a speciesthat is related closely to a speciesof a genderof a gender that is male,the male gender that is associated with an identity that is related to the selfthat is distantly related to the selfthat is related to a speciesthat is distantly related to a speciesof a gender that is femaleof a gender that is other than male or female
4.3.3,        Other,the other gender that is not male or female associated with an identity ,the other gender that is not male or female associated with an identity that is the self,the other gender that is not male or female associated with an identity that is related to the self,the other gender that is not male or female associated with an identity that is the selfthat is closely related to the self,the other gender that is not male or female associated with an identity that is related to the selfthat is distantly related to the self,the other gender that is not male or female associated with an identity that is the selfthat is closely related to the self that is a species,the other gender that is not male or female associated with an identity that is related to the selfthat is distantly related to the selfthat is related to a species,the other gender that is not male or female associated with an identity that is the selfthat is closely related to the self that is a speciesthat is related closely to a species,the other gender that is not male or female associated with an identity that is related to the selfthat is distantly related to the selfthat is related to a speciesthat is distantly related to a species,the other gender that is not male or female associated with an identity that is the selfthat is closely related to the self that is a speciesthat is related closely to a speciesof a gender,the other gender that is not male or female associated with an identity that is related to the selfthat is distantly related to the selfthat is related to a speciesthat is distantly related to a speciesof a gender that is female,the other gender that is not male or female associated with an identity that is the selfthat is closely related to the self that is a speciesthat is related closely to a speciesof a genderof a gender that is male,the other gender that is not male or female associated with an identity that is related to the selfthat is distantly related to the selfthat is related to a speciesthat is distantly related to a speciesof a gender that is femaleof a gender that is other than male or female
5,Quantitative,A quantity of an identity ,A quantity of an identity that is the self,A quantity of an identity that is related to the self,A quantity of an identity that is the selfthat is closely related to the self,A quantity of an identity that is related to the selfthat is distantly related to the self,A quantity of an identity that is the selfthat is closely related to the self that is a species,A quantity of an identity that is related to the selfthat is distantly related to the selfthat is related to a species,A quantity of an identity that is the selfthat is closely related to the self that is a speciesthat is related closely to a species,A quantity of an identity that is related to the selfthat is distantly related to the selfthat is related to a speciesthat is distantly related to a species,A quantity of an identity that is the selfthat is closely related to the self that is a speciesthat is related closely to a speciesof a gender,A quantity of an identity that is related to the selfthat is distantly related to the selfthat is related to a speciesthat is distantly related to a speciesof a gender that is female,A quantity of an identity that is the selfthat is closely related to the self that is a speciesthat is related closely to a speciesof a genderof a gender that is male,A quantity of an identity that is related to the selfthat is distantly related to the selfthat is related to a speciesthat is distantly related to a speciesof a gender that is femaleof a gender that is other than male or female
5.1,    Single,A single quantification of an identity ,A single quantification of an identity that is the self,A single quantification of an identity that is related to the self,A single quantification of an identity that is the selfthat is closely related to the self,A single quantification of an identity that is related to the selfthat is distantly related to the self,A single quantification of an identity that is the selfthat is closely related to the self that is a species,A single quantification of an identity that is related to the selfthat is distantly related to the selfthat is related to a species,A single quantification of an identity that is the selfthat is closely related to the self that is a speciesthat is related closely to a species,A single quantification of an identity that is related to the selfthat is distantly related to the selfthat is related to a speciesthat is distantly related to a species,A single quantification of an identity that is the selfthat is closely related to the self that is a speciesthat is related closely to a speciesof a gender,A single quantification of an identity that is related to the selfthat is distantly related to the selfthat is related to a speciesthat is distantly related to a speciesof a gender that is female,A single quantification of an identity that is the selfthat is closely related to the self that is a speciesthat is related closely to a speciesof a genderof a gender that is male,A single quantification of an identity that is related to the selfthat is distantly related to the selfthat is related to a speciesthat is distantly related to a speciesof a gender that is femaleof a gender that is other than male or female
5.1.1,           Positive,A single positive quantification of an identity ,A single positive quantification of an identity that is the self,A single positive quantification of an identity that is related to the self,A single positive quantification of an identity that is the selfthat is closely related to the self,A single positive quantification of an identity that is related to the selfthat is distantly related to the self,A single positive quantification of an identity that is the selfthat is closely related to the self that is a species,A single positive quantification of an identity that is related to the selfthat is distantly related to the selfthat is related to a species,A single positive quantification of an identity that is the selfthat is closely related to the self that is a speciesthat is related closely to a species,A single positive quantification of an identity that is related to the selfthat is distantly related to the selfthat is related to a speciesthat is distantly related to a species,A single positive quantification of an identity that is the selfthat is closely related to the self that is a speciesthat is related closely to a speciesof a gender,A single positive quantification of an identity that is related to the selfthat is distantly related to the selfthat is related to a speciesthat is distantly related to a speciesof a gender that is female,A single positive quantification of an identity that is the selfthat is closely related to the self that is a speciesthat is related closely to a speciesof a genderof a gender that is male,A single positive quantification of an identity that is related to the selfthat is distantly related to the selfthat is related to a speciesthat is distantly related to a speciesof a gender that is femaleof a gender that is other than male or female
5.1.2,          Negative,a single nagative quantification of an identity ,a single nagative quantification of an identity that is the self,a single nagative quantification of an identity that is related to the self,a single nagative quantification of an identity that is the selfthat is closely related to the self,a single nagative quantification of an identity that is related to the selfthat is distantly related to the self,a single nagative quantification of an identity that is the selfthat is closely related to the self that is a species,a single nagative quantification of an identity that is related to the selfthat is distantly related to the selfthat is related to a species,a single nagative quantification of an identity that is the selfthat is closely related to the self that is a speciesthat is related closely to a species,a single nagative quantification of an identity that is related to the selfthat is distantly related to the selfthat is related to a speciesthat is distantly related to a species,a single nagative quantification of an identity that is the selfthat is closely related to the self that is a speciesthat is related closely to a speciesof a gender,a single nagative quantification of an identity that is related to the selfthat is distantly related to the selfthat is related to a speciesthat is distantly related to a speciesof a gender that is female,a single nagative quantification of an identity that is the selfthat is closely related to the self that is a speciesthat is related closely to a speciesof a genderof a gender that is male,a single nagative quantification of an identity that is related to the selfthat is distantly related to the selfthat is related to a speciesthat is distantly related to a speciesof a gender that is femaleof a gender that is other than male or female
5.2,    Multiple,Multiple quantifications of an identity ,Multiple quantifications of an identity that is the self,Multiple quantifications of an identity that is related to the self,Multiple quantifications of an identity that is the selfthat is closely related to the self,Multiple quantifications of an identity that is related to the selfthat is distantly related to the self,Multiple quantifications of an identity that is the selfthat is closely related to the self that is a species,Multiple quantifications of an identity that is related to the selfthat is distantly related to the selfthat is related to a species,Multiple quantifications of an identity that is the selfthat is closely related to the self that is a speciesthat is related closely to a species,Multiple quantifications of an identity that is related to the selfthat is distantly related to the selfthat is related to a speciesthat is distantly related to a species,Multiple quantifications of an identity that is the selfthat is closely related to the self that is a speciesthat is related closely to a speciesof a gender,Multiple quantifications of an identity that is related to the selfthat is distantly related to the selfthat is related to a speciesthat is distantly related to a speciesof a gender that is female,Multiple quantifications of an identity that is the selfthat is closely related to the self that is a speciesthat is related closely to a speciesof a genderof a gender that is male,Multiple quantifications of an identity that is related to the selfthat is distantly related to the selfthat is related to a speciesthat is distantly related to a speciesof a gender that is femaleof a gender that is other than male or female
5.2.1,        Positive,multiple positive quntifications of an identity ,multiple positive quntifications of an identity that is the self,multiple positive quntifications of an identity that is related to the self,multiple positive quntifications of an identity that is the selfthat is closely related to the self,multiple positive quntifications of an identity that is related to the selfthat is distantly related to the self,multiple positive quntifications of an identity that is the selfthat is closely related to the self that is a species,multiple positive quntifications of an identity that is related to the selfthat is distantly related to the selfthat is related to a species,multiple positive quntifications of an identity that is the selfthat is closely related to the self that is a speciesthat is related closely to a species,multiple positive quntifications of an identity that is related to the selfthat is distantly related to the selfthat is related to a speciesthat is distantly related to a species,multiple positive quntifications of an identity that is the selfthat is closely related to the self that is a speciesthat is related closely to a speciesof a gender,multiple positive quntifications of an identity that is related to the selfthat is distantly related to the selfthat is related to a speciesthat is distantly related to a speciesof a gender that is female,multiple positive quntifications of an identity that is the selfthat is closely related to the self that is a speciesthat is related closely to a speciesof a genderof a gender that is male,multiple positive quntifications of an identity that is related to the selfthat is distantly related to the selfthat is related to a speciesthat is distantly related to a speciesof a gender that is femaleof a gender that is other than male or female
5.2.2,        Negative ,multiple negative quantifications of an identity ,multiple negative quantifications of an identity that is the self,multiple negative quantifications of an identity that is related to the self,multiple negative quantifications of an identity that is the selfthat is closely related to the self,multiple negative quantifications of an identity that is related to the selfthat is distantly related to the self,multiple negative quantifications of an identity that is the selfthat is closely related to the self that is a species,multiple negative quantifications of an identity that is related to the selfthat is distantly related to the selfthat is related to a species,multiple negative quantifications of an identity that is the selfthat is closely related to the self that is a speciesthat is related closely to a species,multiple negative quantifications of an identity that is related to the selfthat is distantly related to the selfthat is related to a speciesthat is distantly related to a species,multiple negative quantifications of an identity that is the selfthat is closely related to the self that is a speciesthat is related closely to a speciesof a gender,multiple negative quantifications of an identity that is related to the selfthat is distantly related to the selfthat is related to a speciesthat is distantly related to a speciesof a gender that is female,multiple negative quantifications of an identity that is the selfthat is closely related to the self that is a speciesthat is related closely to a speciesof a genderof a gender that is male,multiple negative quantifications of an identity that is related to the selfthat is distantly related to the selfthat is related to a speciesthat is distantly related to a speciesof a gender that is femaleof a gender that is other than male or female